--
-- PostgreSQL database dump
--

-- Dumped from database version 15.13 (Debian 15.13-1.pgdg120+1)
-- Dumped by pg_dump version 17.5

SET statement_timeout = 0;
SET lock_timeout = 0;
SET idle_in_transaction_session_timeout = 0;
SET transaction_timeout = 0;
SET client_encoding = 'UTF8';
SET standard_conforming_strings = on;
SELECT pg_catalog.set_config('search_path', '', false);
SET check_function_bodies = false;
SET xmloption = content;
SET client_min_messages = warning;
SET row_security = off;

--
-- Data for Name: auth_user; Type: TABLE DATA; Schema: public; Owner: postgres
--

COPY public.auth_user (id, password, last_login, is_superuser, username, first_name, last_name, email, is_staff, is_active, date_joined) FROM stdin;
13	!vjVb9EJRcJ3lJ3fyurjS69r0lZ76AnaaxYGPBEoL	2025-07-17 12:00:50.511351+00	f	c82c5fed-4c23-4b32-abe1-2a2577d0731f			fac-gov-test-users+auditee-staging@gsa.gov	f	t	2025-07-17 12:00:50.489758+00
14	!m8trMsluhmxjP72VWtV04yrMRTU2y37bjJ8HQsiK	2025-07-17 12:02:32.804994+00	f	e8354ac2-08e9-4d08-b44e-5fa7ec042393			fac-gov-test-users+pdominguez@gsa.gov	f	t	2025-07-17 12:02:32.781509+00
\.


--
-- Data for Name: audit_audit; Type: TABLE DATA; Schema: public; Owner: postgres
--

COPY public.audit_audit (id, created_at, updated_at, submission_status, report_id, version, audit_type, data_source, audit, created_by_id, updated_by_id) FROM stdin;
6	2025-07-17 12:01:02.552184+00	2025-07-17 12:02:40.789963+00	disseminated	2023-12-GSAFAC-0000000006	19	single-audit	GSAFAC	{"is_public": true, "audit_year": "2023", "passthrough": [], "fy_end_month": "12", "findings_text": [{"text_of_finding": "Some text explaining what did or did not happen I don't know I just want filler text", "reference_number": "2023-111", "contains_chart_or_table": "N"}], "notes_to_sefa": {"auditee_uei": "D7A4J33FUMJ1", "rate_explained": "I refuse.", "accounting_policies": "We done a thing", "is_minimis_rate_used": "Y", "notes_to_sefa_entries": [{"note_title": "A title for a note", "seq_number": 1, "note_content": "Some content for that note with a title.", "contains_chart_or_table": "Y"}]}, "federal_awards": {"awards": [{"cluster": {"cluster_name": "SNAP CLUSTER", "cluster_total": 750000}, "program": {"is_major": "Y", "program_name": "CIVIL RIGHTS AND PRIVACY RULE COMPLIANCE ACTIVITIES", "amount_expended": 750000, "audit_report_type": "U", "federal_agency_prefix": "93", "federal_program_total": 750000, "three_digit_extension": "001", "number_of_audit_findings": 1}, "subrecipients": {"is_passed": "Y", "subrecipient_amount": 50000}, "award_reference": "AWARD-00001", "loan_or_loan_guarantee": {"is_guaranteed": "Y", "loan_balance_at_audit_period_end": 100000}, "direct_or_indirect_award": {"is_direct": "Y"}}], "total_amount_expended": 750000}, "search_indexes": {"search_names": ["John Doe", "va@test.com", "House of Auditor", "Jane Doe", "qualified.human.accountant@auditor.com", "Audit McAuditee"], "program_names": ["CIVIL RIGHTS AND PRIVACY RULE COMPLIANCE ACTIVITIES"], "agency_prefixes": ["93"], "findings_summary": 5, "is_major_program": true, "agency_extensions": ["001"], "passthrough_names": [], "has_direct_funding": true, "has_indirect_funding": false, "compliance_requirements": ["A"], "unique_audit_findings_count": 1}, "additional_eins": ["123456789", "987654321"], "additional_ueis": ["CARLEY001001"], "type_audit_code": "UG", "cognizant_agency": null, "file_information": {"pages": {"CAP_page": 1, "GAS_control": 1, "GAS_compliance": 1, "schedule_findings": 1, "financial_statements": 1, "schedule_expenditures": 1, "schedule_prior_findings": 1, "uniform_guidance_control": 1, "uniform_guidance_compliance": 1, "financial_statements_opinion": 1, "schedule_expenditures_opinion": 1}, "filename": "2023-12-GSAFAC-0000000006.pdf"}, "oversight_agency": "93", "audit_information": {"agencies": ["00", "01"], "gaap_results": ["unmodified_opinion", "qualified_opinion", "adverse_opinion", "disclaimer_of_opinion", "not_gaap"], "dollar_threshold": 750000, "sp_framework_basis": ["other_basis"], "is_low_risk_auditee": true, "sp_framework_opinions": ["unmodified_opinion", "qualified_opinion", "adverse_opinion", "disclaimer_of_opinion"], "is_sp_framework_required": true, "is_going_concern_included": true, "is_aicpa_audit_guide_included": true, "is_material_noncompliance_disclosed": true, "is_internal_control_deficiency_disclosed": true, "is_internal_control_material_weakness_disclosed": true}, "fac_accepted_date": "2025-07-16", "secondary_auditors": [{"secondary_auditor_ein": "123456789", "secondary_auditor_name": "Very Amazing", "secondary_auditor_address_city": "Alexandria", "secondary_auditor_contact_name": "John Smith", "secondary_auditor_address_state": "VA", "secondary_auditor_contact_email": "test@a.gov", "secondary_auditor_contact_phone": "555-555-5555", "secondary_auditor_contact_title": "Auditor", "secondary_auditor_address_street": "7832 Richmond Hwy Hybla Valley", "secondary_auditor_address_zipcode": "22306"}], "general_information": {"ein": "546000173", "audit_type": "single-audit", "auditee_uei": "D7A4J33FUMJ1", "auditee_zip": "23219", "auditor_ein": "987654321", "auditor_zip": "20121", "auditee_city": "Richmond", "auditee_name": "Audit McAuditee", "auditor_city": "Centreville", "is_usa_based": true, "auditee_email": "va@test.com", "auditee_phone": "5558675309", "auditee_state": "VA", "auditor_email": "qualified.human.accountant@auditor.com", "auditor_phone": "5555555555", "auditor_state": "VA", "auditor_country": "USA", "auditor_firm_name": "House of Auditor", "audit_period_covered": "annual", "auditee_contact_name": "John Doe", "auditor_contact_name": "Jane Doe", "auditee_contact_title": "Keymaster", "auditor_contact_title": "Auditor", "multiple_eins_covered": true, "multiple_ueis_covered": true, "auditee_address_line_1": "1111 E Broad ST", "auditor_address_line_1": "123 Around the corner", "met_spending_threshold": true, "secondary_auditors_exist": true, "auditee_fiscal_period_end": "2023-12-31", "ein_not_an_ssn_attestation": true, "auditee_fiscal_period_start": "2023-01-01", "user_provided_organization_type": "state", "auditor_ein_not_an_ssn_attestation": true}, "auditee_certification": {"auditee_signature": {"auditee_name": "John Doe", "auditee_title": "Auditee", "auditee_certification_date_signed": "2025-07-17"}, "auditee_certification": {"has_no_BII": true, "has_no_PII": true, "is_2CFR_compliant": true, "is_FAC_releasable": true, "has_engaged_auditor": true, "is_issued_and_signed": true, "is_complete_and_accurate": true, "meets_2CFR_specifications": true}}, "auditor_certification": {"auditor_signature": {"auditor_name": "Jane Doe", "auditor_title": "Auditor", "auditor_certification_date_signed": "2025-07-17"}, "auditor_certification": {"is_OMB_limited": true, "is_FAC_releasable": true, "is_auditee_responsible": true, "has_used_auditors_report": true, "has_no_auditee_procedures": true}}, "corrective_action_plan": [{"planned_action": "To do a thing for to fix the thing that did or did not break. Yep.", "reference_number": "2023-111", "contains_chart_or_table": "N"}], "findings_uniform_guidance": [{"program": {"award_reference": "AWARD-00001", "compliance_requirement": "A"}, "findings": {"is_valid": "Y", "prior_references": "N/A", "reference_number": "2023-111", "repeat_prior_reference": "N"}, "other_matters": "N", "other_findings": "N", "modified_opinion": "Y", "questioned_costs": "N", "material_weakness": "Y", "significant_deficiency": "N"}]}	13	13
\.


--
-- Data for Name: audit_singleauditchecklist; Type: TABLE DATA; Schema: public; Owner: postgres
--

COPY public.audit_singleauditchecklist (id, date_created, submission_status, data_source, transition_name, transition_date, report_id, audit_type, general_information, audit_information, federal_awards, corrective_action_plan, findings_text, findings_uniform_guidance, additional_ueis, additional_eins, secondary_auditors, notes_to_sefa, auditor_certification, auditee_certification, tribal_data_consent, cognizant_agency, oversight_agency, submitted_by_id, migrated_to_audit, resubmission_meta) FROM stdin;
6	2025-07-17 12:01:02.545037+00	disseminated	GSAFAC	{ready_for_certification,in_progress,ready_for_certification,auditor_certified,auditee_certified,submitted,disseminated}	{"2025-07-17 12:02:12.669943+00","2025-07-17 12:02:14.015914+00","2025-07-17 12:02:18.4603+00","2025-07-17 12:02:23.24941+00","2025-07-17 12:02:38.87765+00","2025-07-17 12:02:40.656912+00","2025-07-17 12:02:40.766673+00"}	2023-12-GSAFAC-0000000006	single-audit	{"ein": "546000173", "audit_type": "single-audit", "auditee_uei": "D7A4J33FUMJ1", "auditee_zip": "23219", "auditor_ein": "987654321", "auditor_zip": "20121", "auditee_city": "Richmond", "auditee_name": "Audit McAuditee", "auditor_city": "Centreville", "is_usa_based": true, "auditee_email": "va@test.com", "auditee_phone": "5558675309", "auditee_state": "VA", "auditor_email": "qualified.human.accountant@auditor.com", "auditor_phone": "5555555555", "auditor_state": "VA", "auditor_country": "USA", "auditor_firm_name": "House of Auditor", "audit_period_covered": "annual", "auditee_contact_name": "John Doe", "auditor_contact_name": "Jane Doe", "auditee_contact_title": "Keymaster", "auditor_contact_title": "Auditor", "multiple_eins_covered": true, "multiple_ueis_covered": true, "auditee_address_line_1": "1111 E Broad ST", "auditor_address_line_1": "123 Around the corner", "met_spending_threshold": true, "secondary_auditors_exist": true, "auditee_fiscal_period_end": "2023-12-31", "ein_not_an_ssn_attestation": true, "auditee_fiscal_period_start": "2023-01-01", "user_provided_organization_type": "state", "auditor_ein_not_an_ssn_attestation": true}	{"agencies": ["00", "01"], "gaap_results": ["unmodified_opinion", "qualified_opinion", "adverse_opinion", "disclaimer_of_opinion", "not_gaap"], "dollar_threshold": 750000, "sp_framework_basis": ["other_basis"], "is_low_risk_auditee": true, "sp_framework_opinions": ["unmodified_opinion", "qualified_opinion", "adverse_opinion", "disclaimer_of_opinion"], "is_sp_framework_required": true, "is_going_concern_included": true, "is_aicpa_audit_guide_included": true, "is_material_noncompliance_disclosed": true, "is_internal_control_deficiency_disclosed": true, "is_internal_control_material_weakness_disclosed": true}	{"Meta": {"version": "1.1.6", "section_name": "FederalAwards"}, "FederalAwards": {"auditee_uei": "D7A4J33FUMJ1", "federal_awards": [{"cluster": {"cluster_name": "SNAP CLUSTER", "cluster_total": 750000}, "program": {"is_major": "Y", "program_name": "CIVIL RIGHTS AND PRIVACY RULE COMPLIANCE ACTIVITIES", "amount_expended": 750000, "audit_report_type": "U", "federal_agency_prefix": "93", "federal_program_total": 750000, "three_digit_extension": "001", "number_of_audit_findings": 1}, "subrecipients": {"is_passed": "Y", "subrecipient_amount": 50000}, "award_reference": "AWARD-00001", "loan_or_loan_guarantee": {"is_guaranteed": "Y", "loan_balance_at_audit_period_end": 100000}, "direct_or_indirect_award": {"is_direct": "Y"}}], "total_amount_expended": 750000}}	{"Meta": {"version": "1.1.6", "section_name": "CorrectiveActionPlan"}, "CorrectiveActionPlan": {"auditee_uei": "D7A4J33FUMJ1", "corrective_action_plan_entries": [{"planned_action": "To do a thing for to fix the thing that did or did not break. Yep.", "reference_number": "2023-111", "contains_chart_or_table": "N"}]}}	{"Meta": {"version": "1.1.6", "section_name": "FindingsText"}, "FindingsText": {"auditee_uei": "D7A4J33FUMJ1", "findings_text_entries": [{"text_of_finding": "Some text explaining what did or did not happen I don't know I just want filler text", "reference_number": "2023-111", "contains_chart_or_table": "N"}]}}	{"Meta": {"version": "1.1.6", "section_name": "FindingsUniformGuidance"}, "FindingsUniformGuidance": {"auditee_uei": "D7A4J33FUMJ1", "findings_uniform_guidance_entries": [{"program": {"award_reference": "AWARD-00001", "compliance_requirement": "A"}, "findings": {"is_valid": "Y", "prior_references": "N/A", "reference_number": "2023-111", "repeat_prior_reference": "N"}, "other_matters": "N", "other_findings": "N", "modified_opinion": "Y", "questioned_costs": "N", "material_weakness": "Y", "significant_deficiency": "N"}]}}	{"Meta": {"version": "1.1.6", "section_name": "AdditionalUeis"}, "AdditionalUEIs": {"auditee_uei": "D7A4J33FUMJ1", "additional_ueis_entries": [{"additional_uei": "CARLEY001001"}]}}	{"Meta": {"version": "1.1.6", "section_name": "AdditionalEins"}, "AdditionalEINs": {"auditee_uei": "D7A4J33FUMJ1", "additional_eins_entries": [{"additional_ein": "123456789"}, {"additional_ein": "987654321"}]}}	{"Meta": {"version": "1.1.6", "section_name": "SecondaryAuditors"}, "SecondaryAuditors": {"auditee_uei": "D7A4J33FUMJ1", "secondary_auditors_entries": [{"secondary_auditor_ein": "123456789", "secondary_auditor_name": "Very Amazing", "secondary_auditor_address_city": "Alexandria", "secondary_auditor_contact_name": "John Smith", "secondary_auditor_address_state": "VA", "secondary_auditor_contact_email": "test@a.gov", "secondary_auditor_contact_phone": "555-555-5555", "secondary_auditor_contact_title": "Auditor", "secondary_auditor_address_street": "7832 Richmond Hwy Hybla Valley", "secondary_auditor_address_zipcode": "22306"}]}}	{"Meta": {"version": "1.1.6", "section_name": "NotesToSefa"}, "NotesToSefa": {"auditee_uei": "D7A4J33FUMJ1", "rate_explained": "I refuse.", "accounting_policies": "We done a thing", "is_minimis_rate_used": "Y", "notes_to_sefa_entries": [{"note_title": "A title for a note", "seq_number": 1, "note_content": "Some content for that note with a title.", "contains_chart_or_table": "Y"}]}}	{"auditor_signature": {"auditor_name": "Jane Doe", "auditor_title": "Auditor", "auditor_certification_date_signed": "2025-07-17"}, "auditor_certification": {"is_OMB_limited": true, "is_FAC_releasable": true, "is_auditee_responsible": true, "has_used_auditors_report": true, "has_no_auditee_procedures": true}}	{"auditee_signature": {"auditee_name": "John Doe", "auditee_title": "Auditee", "auditee_certification_date_signed": "2025-07-17"}, "auditee_certification": {"has_no_BII": true, "has_no_PII": true, "is_2CFR_compliant": true, "is_FAC_releasable": true, "has_engaged_auditor": true, "is_issued_and_signed": true, "is_complete_and_accurate": true, "meets_2CFR_specifications": true}}	\N	\N	93	13	t	\N
\.


--
-- Data for Name: audit_access; Type: TABLE DATA; Schema: public; Owner: postgres
--

COPY public.audit_access (id, role, fullname, email, sac_id, user_id, audit_id) FROM stdin;
26	editor		fac-gov-test-users+auditee-staging@gsa.gov	6	13	6
28	certifying_auditor_contact	Percy A. Person	fac-gov-test-users+auditee-staging@gsa.gov	6	13	6
30	editor	Percy A. Person	fac-gov-test-users+auditee-staging@gsa.gov	6	13	6
27	certifying_auditee_contact	Percy A. Person	fac-gov-test-users+pdominguez@gsa.gov	6	14	6
29	editor	Percy A. Person	fac-gov-test-users+pdominguez@gsa.gov	6	14	6
\.


--
-- Data for Name: audit_excelfile; Type: TABLE DATA; Schema: public; Owner: postgres
--

COPY public.audit_excelfile (id, file, filename, form_section, date_created, sac_id, user_id, audit_id) FROM stdin;
41	excel/2023-12-GSAFAC-0000000006--FederalAwards.xlsx	2023-12-GSAFAC-0000000006--FederalAwards.xlsx	FederalAwards	2025-07-17 12:01:25.627935+00	6	\N	\N
42	excel/2023-12-GSAFAC-0000000006--NotesToSefa.xlsx	2023-12-GSAFAC-0000000006--NotesToSefa.xlsx	NotesToSefa	2025-07-17 12:01:29.324175+00	6	\N	\N
43	excel/2023-12-GSAFAC-0000000006--FindingsUniformGuidance.xlsx	2023-12-GSAFAC-0000000006--FindingsUniformGuidance.xlsx	FindingsUniformGuidance	2025-07-17 12:01:43.047217+00	6	\N	\N
44	excel/2023-12-GSAFAC-0000000006--FindingsText.xlsx	2023-12-GSAFAC-0000000006--FindingsText.xlsx	FindingsText	2025-07-17 12:01:46.7253+00	6	\N	\N
45	excel/2023-12-GSAFAC-0000000006--CorrectiveActionPlan.xlsx	2023-12-GSAFAC-0000000006--CorrectiveActionPlan.xlsx	CorrectiveActionPlan	2025-07-17 12:01:50.516048+00	6	\N	\N
46	excel/2023-12-GSAFAC-0000000006--AdditionalUeis.xlsx	2023-12-GSAFAC-0000000006--AdditionalUeis.xlsx	AdditionalUeis	2025-07-17 12:01:53.46097+00	6	\N	\N
47	excel/2023-12-GSAFAC-0000000006--SecondaryAuditors.xlsx	2023-12-GSAFAC-0000000006--SecondaryAuditors.xlsx	SecondaryAuditors	2025-07-17 12:01:58.311568+00	6	\N	\N
48	excel/2023-12-GSAFAC-0000000006--AdditionalEins.xlsx	2023-12-GSAFAC-0000000006--AdditionalEins.xlsx	AdditionalEins	2025-07-17 12:02:01.581333+00	6	\N	\N
\.


--
-- Data for Name: audit_sacvalidationwaiver; Type: TABLE DATA; Schema: public; Owner: postgres
--

COPY public.audit_sacvalidationwaiver (id, "timestamp", approver_email, approver_name, requester_email, requester_name, justification, waiver_types, report_id) FROM stdin;
\.


--
-- Data for Name: audit_singleauditreportfile; Type: TABLE DATA; Schema: public; Owner: postgres
--

COPY public.audit_singleauditreportfile (id, file, filename, date_created, component_page_numbers, sac_id, user_id, audit_id) FROM stdin;
6	singleauditreport/2023-12-GSAFAC-0000000006.pdf	2023-12-GSAFAC-0000000006.pdf	2025-07-17 12:01:34.951771+00	{"CAP_page": 1, "GAS_control": 1, "GAS_compliance": 1, "schedule_findings": 1, "financial_statements": 1, "schedule_expenditures": 1, "schedule_prior_findings": 1, "uniform_guidance_control": 1, "uniform_guidance_compliance": 1, "financial_statements_opinion": 1, "schedule_expenditures_opinion": 1}	6	13	6
\.


--
-- Data for Name: audit_submissionevent; Type: TABLE DATA; Schema: public; Owner: postgres
--

COPY public.audit_submissionevent (id, "timestamp", event, sac_id, user_id, audit_id) FROM stdin;
121	2025-07-17 12:01:02.546674+00	created	6	13	\N
122	2025-07-17 12:01:02.561986+00	access-granted	6	13	6
123	2025-07-17 12:01:02.566253+00	access-granted	6	13	6
124	2025-07-17 12:01:02.570314+00	access-granted	6	13	6
125	2025-07-17 12:01:02.574278+00	access-granted	6	13	6
126	2025-07-17 12:01:02.57888+00	access-granted	6	13	6
127	2025-07-17 12:01:10.678138+00	general-information-updated	6	13	\N
128	2025-07-17 12:01:25.446689+00	federal-awards-updated	6	13	\N
129	2025-07-17 12:01:29.306533+00	notes-to-sefa-updated	6	13	\N
130	2025-07-17 12:01:34.929888+00	audit-report-pdf-updated	6	13	\N
131	2025-07-17 12:01:43.015686+00	findings-uniform-guidance-updated	6	13	\N
132	2025-07-17 12:01:46.70799+00	federal-awards-audit-findings-text-updated	6	13	\N
133	2025-07-17 12:01:50.499495+00	corrective-action-plan-updated	6	13	\N
134	2025-07-17 12:01:53.446098+00	additional-ueis-updated	6	13	\N
135	2025-07-17 12:01:58.293176+00	secondary-auditors-updated	6	13	\N
136	2025-07-17 12:02:01.566033+00	additional-eins-updated	6	13	\N
137	2025-07-17 12:02:09.519115+00	audit-information-updated	6	13	\N
138	2025-07-17 12:02:12.681528+00	locked-for-certification	6	13	\N
139	2025-07-17 12:02:14.016289+00	unlocked-after-certification	6	13	\N
140	2025-07-17 12:02:18.472726+00	locked-for-certification	6	13	\N
141	2025-07-17 12:02:23.268826+00	auditor-certification-completed	6	13	\N
142	2025-07-17 12:02:38.910527+00	auditee-certification-completed	6	14	\N
143	2025-07-17 12:02:40.671051+00	submitted	6	14	\N
144	2025-07-17 12:02:40.779896+00	disseminated	6	14	\N
\.


--
-- Data for Name: audit_ueivalidationwaiver; Type: TABLE DATA; Schema: public; Owner: postgres
--

COPY public.audit_ueivalidationwaiver (id, uei, approver_email, approver_name, requester_email, requester_name, justification, expiration, "timestamp") FROM stdin;
6	D7A4J33FUMJ1	fac_automatic_approver@fac.gsa.gov	Federal Audit Clearinghouse System	fac_automatic_requester@fac.gsa.gov	SAM.gov 403	{"status_code": 403, "reason": "Forbidden", "justification": "This is an automatically issued waiver in the event of a SAM.gov error response.", "uei": "D7A4J33FUMJ1"}	2025-08-16 12:00:53.56642+00	2025-07-17 12:00:53.566384+00
\.


--
-- Data for Name: dissemination_general; Type: TABLE DATA; Schema: public; Owner: postgres
--

COPY public.dissemination_general (id, report_id, auditee_certify_name, auditee_certify_title, auditee_contact_name, auditee_email, auditee_name, auditee_phone, auditee_contact_title, auditee_address_line_1, auditee_city, auditee_state, auditee_ein, auditee_uei, is_additional_ueis, auditee_zip, auditor_phone, auditor_state, auditor_city, auditor_contact_title, auditor_address_line_1, auditor_zip, auditor_country, auditor_contact_name, auditor_email, auditor_firm_name, auditor_foreign_address, auditor_ein, cognizant_agency, oversight_agency, date_created, ready_for_certification_date, auditor_certified_date, auditee_certified_date, submitted_date, fy_end_date, fy_start_date, audit_year, audit_type, gaap_results, sp_framework_basis, is_sp_framework_required, sp_framework_opinions, is_going_concern_included, is_internal_control_deficiency_disclosed, is_internal_control_material_weakness_disclosed, is_material_noncompliance_disclosed, is_aicpa_audit_guide_included, dollar_threshold, is_low_risk_auditee, agencies_with_prior_findings, entity_type, number_months, audit_period_covered, total_amount_expended, type_audit_code, is_public, data_source, fac_accepted_date, auditor_certify_name, auditor_certify_title) FROM stdin;
6	2023-12-GSAFAC-0000000006	John Doe	Auditee	John Doe	va@test.com	Audit McAuditee	5558675309	Keymaster	1111 E Broad ST	Richmond	VA	546000173	D7A4J33FUMJ1	Yes	23219	5555555555	VA	Centreville	Auditor	123 Around the corner	20121	USA	Jane Doe	qualified.human.accountant@auditor.com	House of Auditor		987654321	\N	93	2025-07-17	2025-07-17	2025-07-17	2025-07-17	2025-07-17	2023-12-31	2023-01-01	2023	single-audit	unmodified_opinion,qualified_opinion,adverse_opinion,disclaimer_of_opinion,not_gaap	other_basis	Yes	unmodified_opinion,qualified_opinion,adverse_opinion,disclaimer_of_opinion	Yes	Yes	Yes	Yes	Yes	750000	Yes	00,01	state		annual	750000	UG	t	GSAFAC	2025-07-17	Jane Doe	Auditor
\.


--
-- Data for Name: dissemination_additionalein; Type: TABLE DATA; Schema: public; Owner: postgres
--

COPY public.dissemination_additionalein (id, report_id, additional_ein) FROM stdin;
11	2023-12-GSAFAC-0000000006	123456789
12	2023-12-GSAFAC-0000000006	987654321
\.


--
-- Data for Name: dissemination_additionaluei; Type: TABLE DATA; Schema: public; Owner: postgres
--

COPY public.dissemination_additionaluei (id, report_id, additional_uei) FROM stdin;
6	2023-12-GSAFAC-0000000006	CARLEY001001
\.


--
-- Data for Name: dissemination_captext; Type: TABLE DATA; Schema: public; Owner: postgres
--

COPY public.dissemination_captext (id, contains_chart_or_table, finding_ref_number, planned_action, report_id) FROM stdin;
6	N	2023-111	To do a thing for to fix the thing that did or did not break. Yep.	2023-12-GSAFAC-0000000006
\.


--
-- Data for Name: dissemination_federalaward; Type: TABLE DATA; Schema: public; Owner: postgres
--

COPY public.dissemination_federalaward (id, additional_award_identification, amount_expended, award_reference, cluster_name, cluster_total, federal_agency_prefix, federal_award_extension, federal_program_name, federal_program_total, findings_count, is_direct, is_loan, is_major, is_passthrough_award, loan_balance, audit_report_type, other_cluster_name, passthrough_amount, report_id, state_cluster_name) FROM stdin;
6		750000	AWARD-00001	SNAP CLUSTER	750000	93	001	CIVIL RIGHTS AND PRIVACY RULE COMPLIANCE ACTIVITIES	750000	1	Y	Y	Y	Y	100000	U		50000	2023-12-GSAFAC-0000000006	
\.


--
-- Data for Name: dissemination_finding; Type: TABLE DATA; Schema: public; Owner: postgres
--

COPY public.dissemination_finding (id, award_reference, reference_number, is_material_weakness, is_modified_opinion, is_other_findings, is_other_matters, is_questioned_costs, is_repeat_finding, is_significant_deficiency, prior_finding_ref_numbers, report_id, type_requirement) FROM stdin;
6	AWARD-00001	2023-111	Y	Y	N	N	N	N	N	N/A	2023-12-GSAFAC-0000000006	A
\.


--
-- Data for Name: dissemination_findingtext; Type: TABLE DATA; Schema: public; Owner: postgres
--

COPY public.dissemination_findingtext (id, report_id, finding_ref_number, contains_chart_or_table, finding_text) FROM stdin;
6	2023-12-GSAFAC-0000000006	2023-111	N	Some text explaining what did or did not happen I don't know I just want filler text
\.


--
-- Data for Name: dissemination_note; Type: TABLE DATA; Schema: public; Owner: postgres
--

COPY public.dissemination_note (id, accounting_policies, is_minimis_rate_used, rate_explained, report_id, content, note_title, contains_chart_or_table) FROM stdin;
6	We done a thing	Y	I refuse.	2023-12-GSAFAC-0000000006	Some content for that note with a title.	A title for a note	Y
\.


--
-- Data for Name: dissemination_passthrough; Type: TABLE DATA; Schema: public; Owner: postgres
--

COPY public.dissemination_passthrough (id, award_reference, report_id, passthrough_id, passthrough_name) FROM stdin;
\.


--
-- Data for Name: dissemination_secondaryauditor; Type: TABLE DATA; Schema: public; Owner: postgres
--

COPY public.dissemination_secondaryauditor (id, address_city, address_state, address_street, address_zipcode, auditor_ein, auditor_name, contact_email, contact_name, contact_phone, contact_title, report_id) FROM stdin;
6	Alexandria	VA	7832 Richmond Hwy Hybla Valley	22306	123456789	Very Amazing	test@a.gov	John Smith	555-555-5555	Auditor	2023-12-GSAFAC-0000000006
\.


--
-- Data for Name: users_userprofile; Type: TABLE DATA; Schema: public; Owner: postgres
--

COPY public.users_userprofile (id, entry_form_data, user_id) FROM stdin;
13	{}	13
14	{}	14
\.


--
-- Name: audit_access_id_seq; Type: SEQUENCE SET; Schema: public; Owner: postgres
--

SELECT pg_catalog.setval('public.audit_access_id_seq', 30, true);


--
-- Name: audit_audit_id_seq; Type: SEQUENCE SET; Schema: public; Owner: postgres
--

SELECT pg_catalog.setval('public.audit_audit_id_seq', 6, true);


--
-- Name: audit_excelfile_id_seq; Type: SEQUENCE SET; Schema: public; Owner: postgres
--

SELECT pg_catalog.setval('public.audit_excelfile_id_seq', 48, true);


--
-- Name: audit_sacvalidationwaiver_id_seq; Type: SEQUENCE SET; Schema: public; Owner: postgres
--

SELECT pg_catalog.setval('public.audit_sacvalidationwaiver_id_seq', 1, false);


--
-- Name: audit_singleauditchecklist_id_seq; Type: SEQUENCE SET; Schema: public; Owner: postgres
--

SELECT pg_catalog.setval('public.audit_singleauditchecklist_id_seq', 6, true);


--
-- Name: audit_singleauditreportfile_id_seq; Type: SEQUENCE SET; Schema: public; Owner: postgres
--

SELECT pg_catalog.setval('public.audit_singleauditreportfile_id_seq', 6, true);


--
-- Name: audit_submissionevent_id_seq; Type: SEQUENCE SET; Schema: public; Owner: postgres
--

SELECT pg_catalog.setval('public.audit_submissionevent_id_seq', 144, true);


--
-- Name: audit_ueivalidationwaiver_id_seq; Type: SEQUENCE SET; Schema: public; Owner: postgres
--

SELECT pg_catalog.setval('public.audit_ueivalidationwaiver_id_seq', 6, true);


--
-- Name: auth_user_id_seq; Type: SEQUENCE SET; Schema: public; Owner: postgres
--

SELECT pg_catalog.setval('public.auth_user_id_seq', 14, true);


--
-- Name: dissemination_additionalein_id_seq; Type: SEQUENCE SET; Schema: public; Owner: postgres
--

SELECT pg_catalog.setval('public.dissemination_additionalein_id_seq', 12, true);


--
-- Name: dissemination_additionaluei_id_seq; Type: SEQUENCE SET; Schema: public; Owner: postgres
--

SELECT pg_catalog.setval('public.dissemination_additionaluei_id_seq', 6, true);


--
-- Name: dissemination_captext_id_seq; Type: SEQUENCE SET; Schema: public; Owner: postgres
--

SELECT pg_catalog.setval('public.dissemination_captext_id_seq', 6, true);


--
-- Name: dissemination_federalaward_id_seq; Type: SEQUENCE SET; Schema: public; Owner: postgres
--

SELECT pg_catalog.setval('public.dissemination_federalaward_id_seq', 6, true);


--
-- Name: dissemination_finding_id_seq; Type: SEQUENCE SET; Schema: public; Owner: postgres
--

SELECT pg_catalog.setval('public.dissemination_finding_id_seq', 6, true);


--
-- Name: dissemination_findingtext_id_seq; Type: SEQUENCE SET; Schema: public; Owner: postgres
--

SELECT pg_catalog.setval('public.dissemination_findingtext_id_seq', 6, true);


--
-- Name: dissemination_general_id_seq; Type: SEQUENCE SET; Schema: public; Owner: postgres
--

SELECT pg_catalog.setval('public.dissemination_general_id_seq', 6, true);


--
-- Name: dissemination_note_id_seq; Type: SEQUENCE SET; Schema: public; Owner: postgres
--

SELECT pg_catalog.setval('public.dissemination_note_id_seq', 6, true);


--
-- Name: dissemination_passthrough_id_seq; Type: SEQUENCE SET; Schema: public; Owner: postgres
--

SELECT pg_catalog.setval('public.dissemination_passthrough_id_seq', 1, false);


--
-- Name: dissemination_secondaryauditor_id_seq; Type: SEQUENCE SET; Schema: public; Owner: postgres
--

SELECT pg_catalog.setval('public.dissemination_secondaryauditor_id_seq', 6, true);


--
-- Name: users_userprofile_id_seq; Type: SEQUENCE SET; Schema: public; Owner: postgres
--

SELECT pg_catalog.setval('public.users_userprofile_id_seq', 14, true);


--
-- PostgreSQL database dump complete
--

